PSD_ID,Low_size,High_size,Bin_concentration,shape_factor,dimention
W2W_river_all,50,55,232,0,3
W2W_river_all,60,65,121,0,3
W2W_river_all,70,75,98,0,3
W2W_river_all,80,85,178,0,3
W2W_river_all,95,100,70,0,3
W2W_river_all,100,105,111,0,3
W2W_river_all,115,120,49,0,3
W2W_river_all,120,125,6,0,3
W2W_river_all,125,130,34,0,3
W2W_river_all,130,135,11,0,3
W2W_river_all,135,140,36,0,3
W2W_river_all,145,150,12,0,3
W2W_river_all,150,155,9,0,3
W2W_river_all,155,160,17,0,3
W2W_river_all,165,170,6,0,3
W2W_river_all,170,175,10,0,3
W2W_river_all,175,180,10,0,3
W2W_river_all,180,185,10,0,3
W2W_river_all,185,190,5,0,3
W2W_river_all,190,195,12,0,3
W2W_river_all,195,200,1,0,3
W2W_river_all,200,205,6,0,3
W2W_river_all,205,210,10,0,3
W2W_river_all,215,220,3,0,3
W2W_river_all,220,225,2,0,3
W2W_river_all,225,230,12,0,3
W2W_river_all,230,235,6,0,3
W2W_river_all,235,240,4,0,3
W2W_river_all,240,245,4,0,3
W2W_river_all,245,250,4,0,3
W2W_river_all,250,255,4,0,3
W2W_river_all,255,260,8,0,3
W2W_river_all,260,265,4,0,3
W2W_river_all,270,275,9,0,3
W2W_river_all,275,280,5,0,3
W2W_river_all,280,285,2,0,3
W2W_river_all,285,290,3,0,3
W2W_river_all,290,295,1,0,3
W2W_river_all,295,300,2,0,3
W2W_river_all,300,305,6,0,3
W2W_river_all,310,315,4,0,3
W2W_river_all,315,320,2,0,3
W2W_river_all,325,330,2,0,3
W2W_river_all,330,335,3,0,3
W2W_river_all,340,345,2,0,3
W2W_river_all,345,350,4,0,3
W2W_river_all,350,355,3,0,3
W2W_river_all,360,365,2,0,3
W2W_river_all,365,370,2,0,3
W2W_river_all,370,375,5,0,3
W2W_river_all,375,380,2,0,3
W2W_river_all,380,385,3,0,3
W2W_river_all,385,390,1,0,3
W2W_river_all,395,400,1,0,3
W2W_river_all,405,410,1,0,3
W2W_river_all,420,425,1,0,3
W2W_river_all,425,430,2,0,3
W2W_river_all,430,435,1,0,3
W2W_river_all,435,440,2,0,3
W2W_river_all,440,445,1,0,3
W2W_river_all,445,450,1,0,3
W2W_river_all,450,455,1,0,3
W2W_river_all,455,460,2,0,3
W2W_river_all,460,465,2,0,3
W2W_river_all,475,480,2,0,3
W2W_river_all,490,495,2,0,3
W2W_river_all,505,510,1,0,3
W2W_river_all,515,520,1,0,3
W2W_river_all,555,560,1,0,3
W2W_river_all,570,575,1,0,3
W2W_river_all,575,580,1,0,3
W2W_river_all,600,605,1,0,3
W2W_river_all,605,610,2,0,3
W2W_river_all,695,700,1,0,3
W2W_river_all,780,785,1,0,3
W2W_river_all,785,790,2,0,3
W2W_river_all,830,835,1,0,3
W2W_river_all,835,840,1,0,3
W2W_river_all,855,860,1,0,3
W2W_river_all,860,865,1,0,3
W2W_river_all,940,945,1,0,3
W2W_river_all,1105,1110,1,0,3
W2W_river_all,1875,1880,1,0,3
W2W_river_all,2100,2105,1,0,3
W2W_river_fragment,50,55,232,0,3
W2W_river_fragment,60,65,121,0,3
W2W_river_fragment,70,75,39,0,3
W2W_river_fragment,80,85,175,0,3
W2W_river_fragment,95,100,50,0,3
W2W_river_fragment,100,105,103,0,3
W2W_river_fragment,115,120,46,0,3
W2W_river_fragment,120,125,5,0,3
W2W_river_fragment,125,130,28,0,3
W2W_river_fragment,130,135,11,0,3
W2W_river_fragment,135,140,32,0,3
W2W_river_fragment,145,150,11,0,3
W2W_river_fragment,150,155,7,0,3
W2W_river_fragment,155,160,13,0,3
W2W_river_fragment,165,170,5,0,3
W2W_river_fragment,170,175,8,0,3
W2W_river_fragment,175,180,7,0,3
W2W_river_fragment,180,185,8,0,3
W2W_river_fragment,185,190,4,0,3
W2W_river_fragment,190,195,9,0,3
W2W_river_fragment,195,200,1,0,3
W2W_river_fragment,200,205,4,0,3
W2W_river_fragment,205,210,7,0,3
W2W_river_fragment,215,220,3,0,3
W2W_river_fragment,225,230,5,0,3
W2W_river_fragment,230,235,5,0,3
W2W_river_fragment,235,240,3,0,3
W2W_river_fragment,240,245,2,0,3
W2W_river_fragment,255,260,3,0,3
W2W_river_fragment,260,265,1,0,3
W2W_river_fragment,270,275,4,0,3
W2W_river_fragment,275,280,3,0,3
W2W_river_fragment,280,285,1,0,3
W2W_river_fragment,285,290,2,0,3
W2W_river_fragment,295,300,1,0,3
W2W_river_fragment,300,305,2,0,3
W2W_river_fragment,310,315,2,0,3
W2W_river_fragment,315,320,1,0,3
W2W_river_fragment,325,330,1,0,3
W2W_river_fragment,330,335,1,0,3
W2W_river_fragment,340,345,1,0,3
W2W_river_fragment,345,350,1,0,3
W2W_river_fragment,350,355,3,0,3
W2W_river_fragment,375,380,1,0,3
W2W_river_fragment,380,385,1,0,3
W2W_river_fragment,385,390,1,0,3
W2W_river_fragment,420,425,1,0,3
W2W_river_fragment,455,460,1,0,3
W2W_river_fragment,460,465,1,0,3
W2W_river_fragment,505,510,1,0,3
W2W_river_fiber,75,80,59,0,1
W2W_river_fiber,80,85,3,0,1
W2W_river_fiber,95,100,20,0,1
W2W_river_fiber,100,105,8,0,1
W2W_river_fiber,115,120,3,0,1
W2W_river_fiber,120,125,1,0,1
W2W_river_fiber,125,130,6,0,1
W2W_river_fiber,135,140,4,0,1
W2W_river_fiber,145,150,1,0,1
W2W_river_fiber,150,155,2,0,1
W2W_river_fiber,155,160,4,0,1
W2W_river_fiber,165,170,1,0,1
W2W_river_fiber,170,175,2,0,1
W2W_river_fiber,175,180,3,0,1
W2W_river_fiber,180,185,2,0,1
W2W_river_fiber,185,190,1,0,1
W2W_river_fiber,190,195,3,0,1
W2W_river_fiber,200,205,2,0,1
W2W_river_fiber,205,210,3,0,1
W2W_river_fiber,220,225,2,0,1
W2W_river_fiber,225,230,7,0,1
W2W_river_fiber,230,235,1,0,1
W2W_river_fiber,235,240,1,0,1
W2W_river_fiber,240,245,2,0,1
W2W_river_fiber,245,250,4,0,1
W2W_river_fiber,250,255,4,0,1
W2W_river_fiber,255,260,5,0,1
W2W_river_fiber,260,265,3,0,1
W2W_river_fiber,270,275,5,0,1
W2W_river_fiber,275,280,2,0,1
W2W_river_fiber,280,285,1,0,1
W2W_river_fiber,285,290,1,0,1
W2W_river_fiber,290,295,1,0,1
W2W_river_fiber,295,300,1,0,1
W2W_river_fiber,300,305,4,0,1
W2W_river_fiber,310,315,2,0,1
W2W_river_fiber,315,320,1,0,1
W2W_river_fiber,325,330,1,0,1
W2W_river_fiber,330,335,2,0,1
W2W_river_fiber,340,345,1,0,1
W2W_river_fiber,345,350,3,0,1
W2W_river_fiber,360,365,2,0,1
W2W_river_fiber,365,370,2,0,1
W2W_river_fiber,370,375,5,0,1
W2W_river_fiber,375,380,1,0,1
W2W_river_fiber,380,385,2,0,1
W2W_river_fiber,395,400,1,0,1
W2W_river_fiber,405,410,1,0,1
W2W_river_fiber,425,430,2,0,1
W2W_river_fiber,430,435,1,0,1
W2W_river_fiber,435,440,2,0,1
W2W_river_fiber,440,445,1,0,1
W2W_river_fiber,445,450,1,0,1
W2W_river_fiber,450,455,1,0,1
W2W_river_fiber,455,460,1,0,1
W2W_river_fiber,460,465,1,0,1
W2W_river_fiber,475,480,2,0,1
W2W_river_fiber,490,495,2,0,1
W2W_river_fiber,515,520,1,0,1
W2W_river_fiber,555,560,1,0,1
W2W_river_fiber,570,575,1,0,1
W2W_river_fiber,575,580,1,0,1
W2W_river_fiber,600,605,1,0,1
W2W_river_fiber,605,610,2,0,1
W2W_river_fiber,695,700,1,0,1
W2W_river_fiber,780,785,1,0,1
W2W_river_fiber,785,790,2,0,1
W2W_river_fiber,830,835,1,0,1
W2W_river_fiber,835,840,1,0,1
W2W_river_fiber,855,860,1,0,1
W2W_river_fiber,860,865,1,0,1
W2W_river_fiber,940,945,1,0,1
W2W_river_fiber,1105,1110,1,0,1
W2W_river_fiber,1875,1880,1,0,1
W2W_river_fiber,2100,2105,1,0,1
W2W_sediment_all,50,55,66,0,3
W2W_sediment_all,60,65,76,0,3
W2W_sediment_all,70,75,10,0,3
W2W_sediment_all,80,85,90,0,3
W2W_sediment_all,95,100,33,0,3
W2W_sediment_all,100,105,60,0,3
W2W_sediment_all,115,120,54,0,3
W2W_sediment_all,120,125,2,0,3
W2W_sediment_all,125,130,37,0,3
W2W_sediment_all,130,135,5,0,3
W2W_sediment_all,135,140,48,0,3
W2W_sediment_all,145,150,17,0,3
W2W_sediment_all,150,155,10,0,3
W2W_sediment_all,155,160,22,0,3
W2W_sediment_all,165,170,6,0,3
W2W_sediment_all,170,175,21,0,3
W2W_sediment_all,175,180,8,0,3
W2W_sediment_all,180,185,16,0,3
W2W_sediment_all,185,190,5,0,3
W2W_sediment_all,190,195,11,0,3
W2W_sediment_all,200,205,11,0,3
W2W_sediment_all,205,210,14,0,3
W2W_sediment_all,215,220,16,0,3
W2W_sediment_all,220,225,6,0,3
W2W_sediment_all,225,230,12,0,3
W2W_sediment_all,230,235,7,0,3
W2W_sediment_all,235,240,5,0,3
W2W_sediment_all,240,245,5,0,3
W2W_sediment_all,245,250,2,0,3
W2W_sediment_all,250,255,2,0,3
W2W_sediment_all,255,260,5,0,3
W2W_sediment_all,260,265,11,0,3
W2W_sediment_all,270,275,4,0,3
W2W_sediment_all,275,280,4,0,3
W2W_sediment_all,280,285,6,0,3
W2W_sediment_all,285,290,2,0,3
W2W_sediment_all,290,295,3,0,3
W2W_sediment_all,295,300,3,0,3
W2W_sediment_all,300,305,4,0,3
W2W_sediment_all,305,310,1,0,3
W2W_sediment_all,310,315,3,0,3
W2W_sediment_all,315,320,2,0,3
W2W_sediment_all,325,330,4,0,3
W2W_sediment_all,330,335,3,0,3
W2W_sediment_all,335,340,2,0,3
W2W_sediment_all,345,350,2,0,3
W2W_sediment_all,350,355,4,0,3
W2W_sediment_all,355,360,1,0,3
W2W_sediment_all,365,370,1,0,3
W2W_sediment_all,370,375,2,0,3
W2W_sediment_all,375,380,2,0,3
W2W_sediment_all,380,385,5,0,3
W2W_sediment_all,385,390,1,0,3
W2W_sediment_all,390,395,1,0,3
W2W_sediment_all,395,400,1,0,3
W2W_sediment_all,400,405,1,0,3
W2W_sediment_all,405,410,3,0,3
W2W_sediment_all,410,415,2,0,3
W2W_sediment_all,415,420,1,0,3
W2W_sediment_all,425,430,3,0,3
W2W_sediment_all,435,440,2,0,3
W2W_sediment_all,455,460,1,0,3
W2W_sediment_all,460,465,1,0,3
W2W_sediment_all,470,475,1,0,3
W2W_sediment_all,480,485,2,0,3
W2W_sediment_all,485,490,1,0,3
W2W_sediment_all,490,495,1,0,3
W2W_sediment_all,510,515,1,0,3
W2W_sediment_all,515,520,1,0,3
W2W_sediment_all,520,525,1,0,3
W2W_sediment_all,525,530,1,0,3
W2W_sediment_all,535,540,1,0,3
W2W_sediment_all,540,545,1,0,3
W2W_sediment_all,555,560,3,0,3
W2W_sediment_all,560,565,1,0,3
W2W_sediment_all,570,575,2,0,3
W2W_sediment_all,575,580,1,0,3
W2W_sediment_all,580,585,1,0,3
W2W_sediment_all,585,590,1,0,3
W2W_sediment_all,600,605,1,0,3
W2W_sediment_all,625,630,2,0,3
W2W_sediment_all,645,650,1,0,3
W2W_sediment_all,655,660,1,0,3
W2W_sediment_all,695,700,1,0,3
W2W_sediment_all,835,840,1,0,3
W2W_sediment_all,880,885,1,0,3
W2W_sediment_all,930,935,2,0,3
W2W_sediment_all,950,955,1,0,3
W2W_sediment_all,1050,1055,1,0,3
W2W_sediment_all,1115,1120,1,0,3
W2W_sediment_all,1150,1155,1,0,3
W2W_sediment_all,1285,1290,1,0,3
W2W_sediment_fragment,50,55,66,0,3
W2W_sediment_fragment,60,65,76,0,3
W2W_sediment_fragment,70,75,10,0,3
W2W_sediment_fragment,80,85,89,0,3
W2W_sediment_fragment,95,100,33,0,3
W2W_sediment_fragment,100,105,59,0,3
W2W_sediment_fragment,115,120,51,0,3
W2W_sediment_fragment,120,125,2,0,3
W2W_sediment_fragment,125,130,36,0,3
W2W_sediment_fragment,130,135,5,0,3
W2W_sediment_fragment,135,140,46,0,3
W2W_sediment_fragment,145,150,15,0,3
W2W_sediment_fragment,150,155,9,0,3
W2W_sediment_fragment,155,160,20,0,3
W2W_sediment_fragment,165,170,6,0,3
W2W_sediment_fragment,170,175,16,0,3
W2W_sediment_fragment,175,180,6,0,3
W2W_sediment_fragment,180,185,14,0,3
W2W_sediment_fragment,185,190,3,0,3
W2W_sediment_fragment,190,195,11,0,3
W2W_sediment_fragment,200,205,7,0,3
W2W_sediment_fragment,205,210,11,0,3
W2W_sediment_fragment,215,220,14,0,3
W2W_sediment_fragment,220,225,5,0,3
W2W_sediment_fragment,225,230,10,0,3
W2W_sediment_fragment,230,235,5,0,3
W2W_sediment_fragment,235,240,4,0,3
W2W_sediment_fragment,240,245,4,0,3
W2W_sediment_fragment,255,260,3,0,3
W2W_sediment_fragment,260,265,6,0,3
W2W_sediment_fragment,270,275,2,0,3
W2W_sediment_fragment,275,280,3,0,3
W2W_sediment_fragment,280,285,5,0,3
W2W_sediment_fragment,285,290,1,0,3
W2W_sediment_fragment,290,295,2,0,3
W2W_sediment_fragment,295,300,2,0,3
W2W_sediment_fragment,300,305,2,0,3
W2W_sediment_fragment,310,315,3,0,3
W2W_sediment_fragment,325,330,1,0,3
W2W_sediment_fragment,330,335,3,0,3
W2W_sediment_fragment,335,340,1,0,3
W2W_sediment_fragment,345,350,2,0,3
W2W_sediment_fragment,350,355,1,0,3
W2W_sediment_fragment,365,370,1,0,3
W2W_sediment_fragment,370,375,1,0,3
W2W_sediment_fragment,375,380,2,0,3
W2W_sediment_fragment,385,390,1,0,3
W2W_sediment_fragment,390,395,1,0,3
W2W_sediment_fragment,405,410,3,0,3
W2W_sediment_fragment,410,415,2,0,3
W2W_sediment_fragment,425,430,2,0,3
W2W_sediment_fragment,435,440,1,0,3
W2W_sediment_fragment,455,460,1,0,3
W2W_sediment_fragment,485,490,1,0,3
W2W_sediment_fragment,520,525,1,0,3
W2W_sediment_fragment,535,540,1,0,3
W2W_sediment_fragment,555,560,1,0,3
W2W_sediment_fragment,575,580,1,0,3
W2W_sediment_fragment,645,650,1,0,3
W2W_sediment_fiber,80,85,1,0,1
W2W_sediment_fiber,100,105,1,0,1
W2W_sediment_fiber,115,120,3,0,1
W2W_sediment_fiber,125,130,1,0,1
W2W_sediment_fiber,135,140,2,0,1
W2W_sediment_fiber,145,150,2,0,1
W2W_sediment_fiber,150,155,1,0,1
W2W_sediment_fiber,155,160,2,0,1
W2W_sediment_fiber,170,175,5,0,1
W2W_sediment_fiber,175,180,2,0,1
W2W_sediment_fiber,180,185,2,0,1
W2W_sediment_fiber,185,190,2,0,1
W2W_sediment_fiber,200,205,4,0,1
W2W_sediment_fiber,205,210,3,0,1
W2W_sediment_fiber,215,220,2,0,1
W2W_sediment_fiber,220,225,1,0,1
W2W_sediment_fiber,225,230,2,0,1
W2W_sediment_fiber,230,235,2,0,1
W2W_sediment_fiber,235,240,1,0,1
W2W_sediment_fiber,240,245,1,0,1
W2W_sediment_fiber,245,250,2,0,1
W2W_sediment_fiber,250,255,2,0,1
W2W_sediment_fiber,255,260,2,0,1
W2W_sediment_fiber,260,265,5,0,1
W2W_sediment_fiber,270,275,2,0,1
W2W_sediment_fiber,275,280,1,0,1
W2W_sediment_fiber,280,285,1,0,1
W2W_sediment_fiber,285,290,1,0,1
W2W_sediment_fiber,290,295,1,0,1
W2W_sediment_fiber,295,300,1,0,1
W2W_sediment_fiber,300,305,2,0,1
W2W_sediment_fiber,305,310,1,0,1
W2W_sediment_fiber,315,320,2,0,1
W2W_sediment_fiber,325,330,3,0,1
W2W_sediment_fiber,335,340,1,0,1
W2W_sediment_fiber,350,355,3,0,1
W2W_sediment_fiber,355,360,1,0,1
W2W_sediment_fiber,370,375,1,0,1
W2W_sediment_fiber,380,385,5,0,1
W2W_sediment_fiber,395,400,1,0,1
W2W_sediment_fiber,400,405,1,0,1
W2W_sediment_fiber,415,420,1,0,1
W2W_sediment_fiber,425,430,1,0,1
W2W_sediment_fiber,435,440,1,0,1
W2W_sediment_fiber,460,465,1,0,1
W2W_sediment_fiber,470,475,1,0,1
W2W_sediment_fiber,480,485,2,0,1
W2W_sediment_fiber,490,495,1,0,1
W2W_sediment_fiber,510,515,1,0,1
W2W_sediment_fiber,515,520,1,0,1
W2W_sediment_fiber,525,530,1,0,1
W2W_sediment_fiber,540,545,1,0,1
W2W_sediment_fiber,555,560,2,0,1
W2W_sediment_fiber,560,565,1,0,1
W2W_sediment_fiber,570,575,2,0,1
W2W_sediment_fiber,580,585,1,0,1
W2W_sediment_fiber,585,590,1,0,1
W2W_sediment_fiber,600,605,1,0,1
W2W_sediment_fiber,625,630,2,0,1
W2W_sediment_fiber,655,660,1,0,1
W2W_sediment_fiber,695,700,1,0,1
W2W_sediment_fiber,835,840,1,0,1
W2W_sediment_fiber,880,885,1,0,1
W2W_sediment_fiber,930,935,2,0,1
W2W_sediment_fiber,950,955,1,0,1
W2W_sediment_fiber,1050,1055,1,0,1
W2W_sediment_fiber,1115,1120,1,0,1
W2W_sediment_fiber,1150,1155,1,0,1
W2W_sediment_fiber,1285,1290,1,0,1
W2W_ocean_all,50,55,12,0,3
W2W_ocean_all,60,65,15,0,3
W2W_ocean_all,70,75,7,0,3
W2W_ocean_all,80,85,9,0,3
W2W_ocean_all,95,100,7,0,3
W2W_ocean_all,100,105,13,0,3
W2W_ocean_all,115,120,9,0,3
W2W_ocean_all,120,125,1,0,3
W2W_ocean_all,125,130,5,0,3
W2W_ocean_all,130,135,2,0,3
W2W_ocean_all,135,140,5,0,3
W2W_ocean_all,145,150,1,0,3
W2W_ocean_all,150,155,1,0,3
W2W_ocean_all,155,160,4,0,3
W2W_ocean_all,170,175,3,0,3
W2W_ocean_all,175,180,1,0,3
W2W_ocean_all,190,195,2,0,3
W2W_ocean_all,200,205,1,0,3
W2W_ocean_all,205,210,2,0,3
W2W_ocean_all,215,220,2,0,3
W2W_ocean_all,225,230,1,0,3
W2W_ocean_all,240,245,3,0,3
W2W_ocean_all,260,265,1,0,3
W2W_ocean_all,290,295,1,0,3
W2W_ocean_all,310,315,1,0,3
W2W_ocean_all,325,330,1,0,3
W2W_ocean_all,330,335,1,0,3
W2W_ocean_all,345,350,2,0,3
W2W_ocean_all,440,445,1,0,3
W2W_ocean_all,495,500,1,0,3
W2W_ocean_all,765,770,1,0,3
W2W_ocean_all,875,880,1,0,3
W2W_ocean_fragment,50,55,12,0,3
W2W_ocean_fragment,60,65,15,0,3
W2W_ocean_fragment,70,75,3,0,3
W2W_ocean_fragment,80,85,9,0,3
W2W_ocean_fragment,95,100,7,0,3
W2W_ocean_fragment,100,105,12,0,3
W2W_ocean_fragment,115,120,9,0,3
W2W_ocean_fragment,120,125,1,0,3
W2W_ocean_fragment,125,130,5,0,3
W2W_ocean_fragment,130,135,2,0,3
W2W_ocean_fragment,135,140,5,0,3
W2W_ocean_fragment,145,150,1,0,3
W2W_ocean_fragment,150,155,1,0,3
W2W_ocean_fragment,155,160,4,0,3
W2W_ocean_fragment,170,175,3,0,3
W2W_ocean_fragment,175,180,1,0,3
W2W_ocean_fragment,190,195,2,0,3
W2W_ocean_fragment,200,205,1,0,3
W2W_ocean_fragment,205,210,2,0,3
W2W_ocean_fragment,215,220,2,0,3
W2W_ocean_fragment,225,230,1,0,3
W2W_ocean_fragment,240,245,3,0,3
W2W_ocean_fragment,290,295,1,0,3
W2W_ocean_fragment,330,335,1,0,3
W2W_ocean_fragment,345,350,2,0,3
W2W_ocean_fragment,440,445,1,0,3
W2W_ocean_fiber,75,80,4,0,1
W2W_ocean_fiber,100,105,1,0,1
W2W_ocean_fiber,260,265,1,0,1
W2W_ocean_fiber,310,315,1,0,1
W2W_ocean_fiber,325,330,1,0,1
W2W_ocean_fiber,495,500,1,0,1
W2W_ocean_fiber,765,770,1,0,1
W2W_ocean_fiber,875,880,1,0,1
