"Matrix","Metric","Subset","Shape","n_particles","n_in_window","bin_width","x_min","x_max","a_cpsd","se_a_cpsd","a_psd","b_cpsd","se_b_cpsd","r2","n_bins","fit_status"
"River water","Length (µm)","Pooled (all sites)","fragment",978,401,5,95,350,-2.73918207602764,0.0384035420138844,-3.73918207602764,8.07253248665702,0.0889454094863122,0.992973469959849,38,"ok"
"River water","Length (µm)","Pooled (all sites)","fiber",229,94,5,175,480,-1.67106150944134,0.0455933648007441,-2.67106150944134,5.89614462713271,0.11333205949967,0.969682237422705,44,"ok"
"River water","Length (µm)","Pooled (all sites)","all",1207,183,5,165,385,-1.91951920998463,0.0352328278167058,-2.91951920998463,6.64635222202323,0.08519910069777,0.988016688237312,38,"ok"
"River water","Length (µm)","Site: Carmel","fragment",183,12,5,180,305,-2.24731136097724,0.0933479314528325,-3.24731136097724,6.2895639980568,0.220338807983723,0.984709089066735,11,"ok"
"River water","Length (µm)","Site: Carmel","fiber",38,24,5,155,560,-1.06917243888201,0.0295373054270499,-2.06917243888201,3.85530845882087,0.0726108280393697,0.98719154967918,19,"ok"
"River water","Length (µm)","Site: Carmel","all",221,18,5,205,305,-1.50348116504179,0.0735229396441286,-2.50348116504179,5.04308521641826,0.175497413022298,0.976644653269492,12,"ok"
"River water","Length (µm)","Site: Pajaro","fragment",362,172,5,80,185,-2.80831638218084,0.0528363073930855,-3.80831638218084,7.62510328227876,0.111907833953708,0.995770264125633,14,"ok"
"River water","Length (µm)","Site: Pajaro","fiber",89,5,5,190,260,-1.5950257432936,0.0494721964143836,-2.5950257432936,4.53439301694657,0.115655801248259,0.9980796420681,4,"ok"
"River water","Length (µm)","Site: Pajaro","all",451,208,5,80,195,-2.71056574497845,0.0630779449448687,-3.71056574497845,7.51504468111578,0.134860294090217,0.992475407760871,16,"ok"
"River water","Length (µm)","Site: Salinas","fragment",130,36,5,125,350,-1.99534615431457,0.0933745583947905,-2.99534615431457,5.84246420241025,0.216013299612013,0.962076976778115,20,"ok"
"River water","Length (µm)","Site: Salinas","fiber",31,13,5,370,945,-2.15010368093348,0.216226051326513,-3.15010368093348,6.56406809210402,0.593793881189654,0.925148793784444,10,"ok"
"River water","Length (µm)","Site: Salinas","all",161,49,5,145,375,-1.49317914917002,0.0679506993705191,-2.49317914917002,5.08623684689174,0.162459294394551,0.950775423948231,27,"ok"
"River water","Length (µm)","Site: San Lorenzo","fragment",303,174,5,80,235,-2.37320092818028,0.0497643974855004,-3.37320092818028,6.78467116800681,0.108836574008479,0.991714688743888,21,"ok"
"River water","Length (µm)","Site: San Lorenzo","fiber",71,36,5,225,440,-1.93896699047731,0.0656452229445965,-2.93896699047731,6.20291670549437,0.163980873316337,0.97868612298872,21,"ok"
"River water","Length (µm)","Site: San Lorenzo","all",374,74,5,155,380,-1.97536222121642,0.0501930955472211,-2.97536222121642,6.36859033229748,0.12056191280455,0.980377714142839,33,"ok"
"River water","Length (µm)","Depth: subsurface","fragment",413,221,5,95,345,-2.55463152189939,0.0337398718909662,-3.55463152189939,7.45861008527535,0.0774400539378508,0.994621639327309,33,"ok"
"River water","Length (µm)","Depth: subsurface","fiber",94,67,5,170,580,-1.61816385961931,0.0451256725535818,-2.61816385961931,5.60999588982776,0.113207042910521,0.971296310951974,40,"ok"
"River water","Length (µm)","Depth: subsurface","all",507,136,5,155,460,-1.87481454669125,0.0312831274441217,-2.87481454669125,6.36255227005352,0.076905608726495,0.987626038961493,47,"ok"
"River water","Length (µm)","Depth: surface","fragment",565,45,5,145,275,-2.51474458800727,0.101375685013213,-3.51474458800727,7.17275362890889,0.23316766576,0.971579565296775,20,"ok"
"River water","Length (µm)","Depth: surface","fiber",135,31,5,155,375,-1.34899518948478,0.0428971238632987,-2.34899518948478,4.62291479376663,0.102502575607265,0.980176970024032,22,"ok"
"River water","Length (µm)","Depth: surface","all",700,51,5,165,275,-1.80471054705807,0.0780694839137809,-2.80471054705807,5.91882426631602,0.181588413976498,0.969168426983278,19,"ok"
"River water","Projected area (µm²)","Pooled (all sites)","fragment",978,133,500,9500,48500,-1.61040898232856,0.0276891036754173,-2.61040898232856,8.64086902818064,0.120730853688986,0.988024408951913,43,"ok"
"River water","Projected area (µm²)","Pooled (all sites)","fiber",229,86,500,9500,59500,-0.950856555447483,0.018624439977495,-1.95085655544748,5.89091764002867,0.0824255876990112,0.983028698609108,47,"ok"
"River water","Projected area (µm²)","Pooled (all sites)","all",1207,204,500,10500,52500,-1.26513061679506,0.0155214766532931,-2.26513061679506,7.51005411329289,0.0685742550593834,0.992381940360141,53,"ok"
"River water","Projected area (µm²)","Site: Carmel","fragment",183,61,500,4500,11000,-1.51601546181403,0.0804402519853737,-2.51601546181403,7.50648535992318,0.310749882188239,0.977972946255866,10,"ok"
"River water","Projected area (µm²)","Site: Carmel","fiber",38,14,500,16500,84000,-0.594016561184706,0.0371693012265338,-1.59401656118471,3.80792364346598,0.170707472209311,0.962321644404955,12,"ok"
"River water","Projected area (µm²)","Site: Carmel","all",221,14,500,13000,19000,-0.951819891865188,0.0412762169378158,-1.95181989186519,5.55466360921523,0.172765560186004,0.988842456865505,8,"ok"
"River water","Projected area (µm²)","Site: Pajaro","fragment",362,71,500,5500,20000,-1.51647178514773,0.049050309317004,-2.51647178514773,7.60543048672362,0.198459047481571,0.98252538827785,19,"ok"
"River water","Projected area (µm²)","Site: Pajaro","fiber",89,4,500,9000,17000,-0.640951590466073,0.135978576374711,-1.64095159046607,3.41993851496001,0.554696237476275,0.917417585345971,4,"ok"
"River water","Projected area (µm²)","Site: Pajaro","all",451,63,500,6500,20000,-1.47118589505316,0.0527233928627672,-2.47118589505316,7.50963197512842,0.215482158335799,0.979864718810744,18,"ok"
"River water","Projected area (µm²)","Site: Salinas","fragment",130,22,500,11500,48500,-1.13860867735315,0.0504144166527595,-2.13860867735315,6.10570973030541,0.219678720625374,0.965914345667244,20,"ok"
"River water","Projected area (µm²)","Site: Salinas","fiber",31,14,500,21500,37500,-1.5701635846304,0.0534774681821537,-2.5701635846304,8.13727507056476,0.238281021087632,0.990805454844618,10,"ok"
"River water","Projected area (µm²)","Site: Salinas","all",161,43,500,10500,43500,-1.02315674450216,0.0554251737080329,-2.02315674450216,5.93061566789916,0.241239506976312,0.926585938324622,29,"ok"
"River water","Projected area (µm²)","Site: San Lorenzo","fragment",303,48,500,8000,27500,-1.39891382857016,0.0590656901149335,-2.39891382857016,7.23850197165724,0.247448695973322,0.965572650362474,22,"ok"
"River water","Projected area (µm²)","Site: San Lorenzo","fiber",71,45,500,8000,59000,-0.968893223351819,0.0207313273745944,-1.96889322335182,5.56629704145109,0.0897833871490511,0.986896956275724,31,"ok"
"River water","Projected area (µm²)","Site: San Lorenzo","all",374,92,500,8500,52000,-1.28256115424044,0.0258170041821715,-2.28256115424044,7.12075574199413,0.111817117761351,0.984443534004636,41,"ok"
"River water","Volume (µm³)","Pooled (all sites)","fragment",978,94,20000,280000,1960000,-1.23319087061404,0.016974766751404,-2.23319087061404,8.76605594390947,0.0995809577515166,0.992291495067655,43,"ok"
"River water","Volume (µm³)","Pooled (all sites)","fiber",229,52,20000,1060000,6740000,-0.734017155558231,0.0107720338864643,-1.73401715555823,6.27981041933759,0.0688959916542311,0.990612724159561,46,"ok"
"River water","Volume (µm³)","Pooled (all sites)","all",1207,125,20000,420000,2200000,-0.746531354857769,0.00832792522103506,-1.74653135485777,6.44778410613459,0.050190610878003,0.992833912215582,60,"ok"
"River water","Volume (µm³)","Site: Carmel","fragment",183,16,20000,280000,1040000,-1.11592892252651,0.0619555587959596,-2.11592892252651,7.42970644025858,0.355687523919658,0.97009780888084,12,"ok"
"River water","Volume (µm³)","Site: Carmel","fiber",38,7,20000,2060000,5840000,-0.334814877120456,0.0574810787392068,-1.33481487712046,3.2627434854065,0.37450155941441,0.918761075084894,5,"ok"
"River water","Volume (µm³)","Site: Carmel","all",221,12,20000,320000,520000,-0.507294206886825,0.0354587906698875,-1.50729420688683,4.4519488535905,0.19884627917601,0.971520570526939,8,"ok"
"River water","Volume (µm³)","Site: Pajaro","fragment",362,32,20000,160000,560000,-1.1171986093247,0.0488411374963068,-2.1171986093247,7.45464033918203,0.266978815813907,0.97940945951861,13,"ok"
"River water","Volume (µm³)","Site: Pajaro","fiber",89,7,20000,400000,3480000,-0.837733881014677,0.119911150244734,-1.83773388101468,5.61524864845854,0.729011706487104,0.907077404788847,7,"ok"
"River water","Volume (µm³)","Site: Pajaro","all",451,37,20000,180000,700000,-1.00258171930589,0.0294451396433055,-2.00258171930589,6.95824601545454,0.163478275264089,0.988068290501187,16,"ok"
"River water","Volume (µm³)","Site: Salinas","fragment",130,21,20000,280000,1900000,-0.821224485615581,0.0253378739354679,-1.82122448561558,5.89634044235897,0.147643635890647,0.984997226496731,18,"ok"
"River water","Volume (µm³)","Site: Salinas","fiber",31,12,20000,1000000,2240000,-0.833274363476609,0.0547143627898864,-1.83327436347661,6.39429735285957,0.33886391735754,0.958667228062459,12,"ok"
"River water","Volume (µm³)","Site: Salinas","all",161,35,20000,360000,2220000,-0.596499454202756,0.0307091608166138,-1.59649945420276,5.04310438636266,0.18474944519027,0.930914986105004,30,"ok"
"River water","Volume (µm³)","Site: San Lorenzo","fragment",303,29,20000,220000,760000,-1.11593072857433,0.0453934823111596,-2.11593072857433,7.58300707967386,0.254723013238315,0.97264015428629,19,"ok"
"River water","Volume (µm³)","Site: San Lorenzo","fiber",71,8,20000,2640000,6220000,-0.711114853156591,0.096243315619845,-1.71111485315659,5.7310385629905,0.639024368179051,0.900978945838869,8,"ok"
"River water","Volume (µm³)","Site: San Lorenzo","all",374,64,20000,280000,1840000,-0.805294460662545,0.0127048930922519,-1.80529446066254,6.34393698346711,0.0745504144226072,0.990630254591371,40,"ok"
