"Matrix","Property","Unit","Shape","n","median","q25","q75","mean","sd"
"Ocean water","Length","µm","fragment",106,104.0569415,64.016504295,136.8033989,121.715404739623,72.3986866203726
"Ocean water","Length","µm","fiber",11,262.1708245,75,412.69075675,313.210017163636,288.428473978087
"Ocean water","Length","µm","all",117,104.0569415,75,159.6291202,139.719171719658,122.745983214426
"Ocean water","Width","µm","fragment",106,54.0569415,38.6271243,69.214891885,59.0429641846226,31.3287041246458
"Ocean water","Width","µm","fiber",11,58.45947157,25,113.341933785,69.9841043827273,48.9845685069303
"Ocean water","Width","µm","all",117,54.0569415,33.33333333,70.56701371,60.0716183912821,33.2498484738698
"Ocean water","Width-to-length ratio","–","fragment",106,0.5,0.446008761457171,0.545819714424167,0.505632274104663,0.0886264255516648
"Ocean water","Width-to-length ratio","–","fiber",11,0.288607696281119,0.223365854421872,0.333333333333333,0.272163413760853,0.0661862618222627
"Ocean water","Width-to-length ratio","–","all",117,0.5,0.424306090625573,0.545819714424167,0.483682210311655,0.110319181741333
"Ocean water","Projected area","µm²","fragment",106,5625,2500,9843.75,9286.55660377358,12687.1228184743
"Ocean water","Projected area","µm²","fiber",11,18125,1875,48125,34090.9090909091,44498.387994296
"Ocean water","Projected area","µm²","all",117,5625,2500,10625,11618.5897435897,19216.0389954607
"Ocean water","Volume","µm³","fragment",106,77179.4795301795,27110.2142656692,170823.363110162,239789.159026289,609600.041631035
"Ocean water","Volume","µm³","fiber",11,832190.554206889,36815.5389092554,4482832.85192342,3323592.97496758,5029276.48607086
"Ocean water","Volume","µm³","all",117,79605.4173149244,27110.2142656692,216037.735605364,529719.432319915,1825888.63267411
"Ocean water","Mass","µg","fragment",106,0.0881132839840804,0.0284415679555724,0.2109403124914,0.258384706786618,0.63991895045454
"Ocean water","Mass","µg","fiber",11,0.948697231795853,0.0427060251347362,5.0002927465048,3.37539058847288,4.93547395745553
"Ocean water","Mass","µg","all",117,0.0907501757390138,0.0284657249789527,0.23520726582221,0.55143654181695,1.81803995105537
"Ocean water","Density","g/cm³","fragment",106,1.05,0.9,1.35,1.12490566037736,0.24114901649837
"Ocean water","Density","g/cm³","fiber",11,1.05,0.94,1.14,1.05090909090909,0.142860389573496
"Ocean water","Density","g/cm³","all",117,1.05,0.9,1.35,1.11794871794872,0.234239556354757
"Beach sand","Length","µm","fragment",691,115.1387819,80.90169944,166.4213562,134.686909162489,85.2919396858894
"Beach sand","Length","µm","fiber",112,290.13295155,204.402346675,473.5690075,369.780199973571,242.045631492783
"Beach sand","Length","µm","all",803,128.0776406,80.90169944,201.7766953,167.477007009116,144.945354259304
"Beach sand","Width","µm","fragment",691,59.39179923,41.42135624,80.51586491,66.0285246401592,36.5756920658103
"Beach sand","Width","µm","fiber",112,78.12237061,54.21494007,119.3624866,94.120068598125,61.5766469430997
"Beach sand","Width","µm","all",803,60.06326834,41.42135624,86.80339887,69.9466478323039,42.0782079875013
"Beach sand","Width-to-length ratio","–","fragment",691,0.502444590392986,0.464892977882042,0.56772126752886,0.512652978616128,0.0882856191909556
"Beach sand","Width-to-length ratio","–","fiber",112,0.274163248338395,0.238556184329799,0.307075451671229,0.263450486026482,0.0531257502404357
"Beach sand","Width-to-length ratio","–","all",803,0.5,0.404050774840211,0.552481762556128,0.477894972177721,0.120662517908798
"Beach sand","Projected area","µm²","fragment",691,6875,3125,13125,11810.7814761216,17596.8416623512
"Beach sand","Projected area","µm²","fiber",112,23125,10625,50312.5,48046.875,73504.569717982
"Beach sand","Projected area","µm²","all",803,7500,3750,16875,16864.8816936488,34234.2731911659
"Beach sand","Volume","µm³","fragment",691,98758.7933450341,31756.248803493,272833.376004147,360149.760213854,1116831.29038578
"Beach sand","Volume","µm³","fiber",112,1390221.82347757,439416.89807313,4643562.16310007,6878474.15372599,19531891.2771785
"Beach sand","Volume","µm³","all",803,135600.164843984,45728.99827703,456752.82837687,1269305.84000633,7679810.62821708
"Beach sand","Mass","µg","fragment",691,0.10754832593972,0.0375950101860175,0.304932571320502,0.386635119198466,1.2761229386506
"Beach sand","Mass","µg","fiber",112,1.49682174813133,0.518478227015136,4.53681674022732,7.40549153128109,22.8399447840251
"Beach sand","Mass","µg","all",803,0.143620703874305,0.0432689431248559,0.471379704585102,1.36560388402195,8.91748592044139
"Beach sand","Density","g/cm³","fragment",691,1.05,0.9,1.2,1.0870477568741,0.205117065987825
"Beach sand","Density","g/cm³","fiber",112,1.05,0.9,1.14,1.05169642857143,0.164321637978237
"Beach sand","Density","g/cm³","all",803,1.05,0.9,1.19,1.08211706102117,0.2002118609677
